index,polution
11,0.17310962943467612
20,0.37970754643194354
27,0.13861517255223327
28,0.9768954294198868
33,0.36600460328115086
49,0.06501054622935665
52,0.89417688360596
62,0.6645781359545091
78,0.021802174738498936
85,0.7100975277395705
87,0.4205536652038789
90,0.7423464252319978
95,0.7584755281776155
97,0.372386797269291
99,0.4777810641364859
100,0.43715697324147407
105,0.35815871385525433
116,0.5468808494016616
117,0.8708399642129114
136,0.8090151231710419
164,0.5124476216947593
179,0.9150948731331605
180,0.9554391259162124
183,0.9056812850583178
210,0.4393222321748781
213,0.05366173916465189
221,0.4126931509623447
227,0.19194631492669634
230,0.06786548885200633
244,0.5689825952849142
256,0.0918707318168584
266,0.9782417357090323
268,0.007391467569635934
273,0.3474572423381804
280,0.24473196912095085
301,0.2951647671258294
302,0.3691671982048273
305,0.6875707672729231
310,0.9574905918195977
312,0.6715985462701302
324,0.4775789896347157
327,0.7599556051733658
328,0.9664823083793865
330,0.9913832263044319
331,0.10978385273222818
333,0.6435299941280022
334,0.06584470684790822
338,0.7069702085388365
340,0.9663324479600452
353,0.34305285849767975
361,0.3289414000993672
369,0.591539985172302
376,0.1703306797646022
378,0.013776565468355206
381,0.5528904361382654
384,0.5816239492240136
391,0.8580616725258037
397,0.9443250181527811
417,0.6772358053934886
426,0.18974307294904685
434,0.9819571309793449
441,0.27873117460727415
450,0.7393488931255103
451,0.5279037443296186
453,0.8524312675354943
454,0.29727450914780873
472,0.2660288287618472
473,0.0505445684935365
475,0.022677851349335698
476,0.18228064590088294
479,0.3413979999028106
480,0.2060469057926611
484,0.4905254021560762
487,0.04576532353642421
501,0.664268118703509
523,0.057012656378973736
524,0.033779846518889656
533,0.13050079357831135
538,0.916870868913618
539,0.10388873893266881
542,0.8113459999599889
552,0.9251691846143079
554,0.18784690396294806
562,0.2260127695616827
563,0.5293470000007574
577,0.7923735867532218
584,0.5810198807750414
588,0.7831798394317413
591,0.29643522529253397
598,0.5809436152173031
599,0.1623281793086387
605,0.6148536342324953
606,0.9491027165022639
610,0.385704948569947
618,0.8836565323434598
623,0.330902669134176
628,0.7075301108415788
634,0.7876097407581397
636,0.964263402949183
637,0.6113600326510513
641,0.02190038491376861
646,0.9000115179817412
653,0.2819591491702907
654,0.3846291989180786
655,0.9712018867661498
657,0.36000896528169773
674,0.7076511333287143
681,0.8326705088335173
685,0.7557263290950695
688,0.5250233345958684
724,0.7535205921824653
725,0.8612504653547626
726,0.6857163589078368
727,0.9591871861146772
728,0.6084475799287888
730,0.2613900122065173
733,0.1381513792623637
734,0.4922486896047239
735,0.3457944497787513
736,0.7790737577620289
744,0.4150601624531663
745,0.9502804499276616
753,0.10964750565748699
760,0.9601760260270078
761,0.7685825496500132
767,0.7387086899017716
769,0.8733114030663782
770,0.5176001572389684
771,0.9970278412431184
783,0.8157074035864218
797,0.09698978755007487
802,0.2825878159584174
806,0.1459553655554589
808,0.7539568982545845
814,0.15788962236610232
815,0.6848899885157218
818,0.9197114684858454
821,0.4368815877950127
825,0.9002543870677547
834,0.566832084493657
842,0.344156560407676
843,0.010301592871356513
850,0.9585619209321075
854,0.5383016502793437
855,0.32142428013793223
863,0.9430311267732528
870,0.503271039604435
872,0.3285207762697957
875,0.19163227896814816
880,0.24704445144001402
884,0.1998767731113228
886,0.8281746878320899
887,0.8741424534861126
889,0.6693105579422529
891,0.5835137000945572
892,0.5631445609987569
893,0.8355874876878006
894,0.2007320839045803
896,0.1417320747157378
897,0.7809554901686264
898,0.6519399711633528
899,0.3480111773882885
901,0.8495347775728981
903,0.40301474239174206
904,0.9418394002697025
926,0.4380414556794565
927,0.6513211482961467
928,0.09003988712473221
930,0.026501271709443996
931,0.24524385437025875
933,0.49310896042309105
935,0.16052961149140388
936,0.5405984153044532
937,0.41399836525354683
944,0.35777149807824604
945,0.7454784777877499
946,0.914109366304517
949,0.22581521231878576
950,0.413290958420287
952,0.0763018038474797
953,0.8222258346742933
965,0.4844045520075039
966,0.37666249771809146
970,0.9927427519502137
973,0.49438995653309986
976,0.39234690986981763
983,0.454307796678165
985,0.18735026923652337
988,0.358812759208072
989,0.24037324600696125
995,0.6915971289410966
1006,0.4193789176192389
1012,0.3200603195366471
1013,0.029218296007171185
1015,0.6936021180216172
1020,0.4480638109141594
1025,0.234524902895692
1030,0.059773144576072135
1036,0.6069160880565809
1037,0.8816506539753712
1038,0.07776609343447499
1053,0.707780538029916
1055,0.5757327439953424
1057,0.23861857872538933
1063,0.8070855080824342
1070,0.18786203149741715
1083,0.26189599395206054
1090,0.6494639279597961
1094,0.049445909941818356
1098,0.9330046698460221
1109,0.12088842778930808
1115,0.4750109998689626
1118,0.16574069578310446
1130,0.34684424174324485
1136,0.5122932542977598
1138,0.21001061528711162
1139,0.687390155019217
1140,0.36278764377490047
1141,0.3410269469121141
1143,0.72393030756293
1144,0.5233877227324212
1147,0.5486401537574264
1159,0.9314091662800912
1161,0.615721079338359
1163,0.921449322038481
1164,0.16636024966478197
1165,0.022767211608958948
1171,0.054277476290248816
1172,0.7877589322802914
1173,0.5018615644784223
1179,0.6046965602872272
1181,0.01354261601090967
1200,0.38918631493528866
1201,0.5504061198498506
1202,0.6333855355646878
1203,0.7162726783385309
1205,0.5174903461855098
1206,0.3053694788659948
1209,0.25580331724709965
1210,0.09832419686102745
1211,0.5558191437389355
1212,0.8500395025829577
1214,0.06911384013419214
1215,0.02602776913121363
1218,0.9434443708746276
1221,0.5124664311445191
1222,0.4298308988573832
1223,0.3858965598746715
1224,0.09003949660999494
1237,0.940969413690836
1244,0.7454950629230499
1250,0.5199935357490286
1272,0.9713214333194939
1277,0.2643188095788571
1278,0.853244020192689
1283,0.3062045408277012
1285,0.9991376056398413
1293,0.42157754781317813
1296,0.6435998557176903
1299,0.43359930547343106
1301,0.6653818555794155
1309,0.5405972453343395
1310,0.9878789555171283
1311,0.2598927446930525
1314,0.605522811563365
1320,0.7808113275220936
1329,0.9167858606868761
1330,0.9031671953289659
1331,0.6203166139564764
1332,0.7829573018851442
1333,0.7331627073383011
1334,0.7269489387482025
1335,0.03682029086173755
1336,0.36495618373080985
1339,0.021983318598048918
1368,0.491134992891142
1371,0.9154585218736164
1372,0.5862732267339119
1375,0.6634717168439561
1376,0.6546141693636578
1377,0.15222272571622614
1378,0.061928809710321386
1379,0.89891050904858
1381,0.5951891510119853
1402,0.05738341547600351
1404,0.5006131627919824
1410,0.10583844876425624
1423,0.9175333929785328
1433,0.17790729020905893
1438,0.5065851503664928
1439,0.940515977980567
1441,0.7003664628897763
1443,0.43717916231869347
1446,0.632870264154545
1452,0.7277007555622317
1453,0.3460179177528127
1457,0.47259002817754936
1458,0.4165726116730296
1461,0.8674462349465855
1464,0.6062151127001041
1466,0.5665304732156902
1468,0.628071364734722
1473,0.8220758036479519
1475,0.6062757955042644
1481,0.5380153939774323
1483,0.9517656015660323
1498,0.8768272957742238
1505,0.31345835157778096
1507,0.026199804435781404
1510,0.5978710230435664
1522,0.7491599511378768
1524,0.758398210099553
1525,0.5992746840614849
1526,0.8144956013962776
1539,0.5712368221936198
1548,0.5452180222897783
1552,0.4584773116744166
1559,0.9827088495733539
1560,0.531952474553739
1563,0.763407281172159
1569,0.3100526403687686
1572,0.4874939002334289
1575,0.9045745978757012
1576,0.5683783960390418
1583,0.3545139660409658
1588,0.36029563588600033
1591,0.6872508124153012
1609,0.23132089613203421
1616,0.03422605702430542
1624,0.14705074896844128
1626,0.19415546795796224
1628,0.9014325039671177
1636,0.5815299195540322
1640,0.5461117590170372
1643,0.8626578062029759
1644,0.9837806189112966
1647,0.9931305264300916
1649,0.018447811412090787
1652,0.5920700054087994
1654,0.7981642776670046
1656,0.7294936960179579
1659,0.9691666399557379
1663,0.5440022808196839
1672,0.009253256689537803
1681,0.13703458907322896
1684,0.565501587548676
1687,0.2104714104576787
1688,0.08411101684901534
1690,0.050564571795326585
1692,0.3262116074363697
1694,0.3228281585694601
1700,0.7713904810515857
1706,0.5100842228601228
1713,0.20528647658230825
1723,0.6955268181945334
1728,0.07806570355955156
1729,0.657391073175372
1731,0.3022415387617846
1737,0.5847885509520003
1738,0.9565415841114746
1746,0.13089430243250083
1748,0.03635025437866979
1753,0.5108466866363203
1763,0.9612984509174587
1776,0.49619195457875037
1779,0.2644515011845498
1780,0.3815543087039915
1784,0.5435529003511868
1785,0.6623340925571715
1787,0.2203725970059615
1790,0.7302314501641312
1796,0.5786240987124065
1797,0.8129316813983413
1799,0.992316443079905
1803,0.6801024962868665
1805,0.3018167755908014
1817,0.08591029016347762
1820,0.426872173611939
1821,0.496410952596066
1840,0.28175327915095244
1841,0.4977004446726104
1860,0.3408224802460748
1866,0.34659539594910166
1867,0.42425043198569273
1868,0.7522383646386167
1869,0.6425970121069571
1870,0.5313389269205948
1871,0.9297980560439949
1875,0.8207958691693613
1877,0.06737805790370699
1882,0.44105757135958684
1883,0.5417006370250299
1891,0.7661235782846372
1900,0.7283197767589232
1907,0.6851620772244742
1910,0.7417349055287209
1916,0.27866235917696397
1917,0.46108411858176523
1920,0.6148924098034787
1921,0.9125623267258364
1923,0.3322817208962788
1935,0.3877738536792265
1937,0.37548097039884054
1943,0.06697162937717716
1945,0.5871597321512965
1948,0.4439117821180161
1954,0.24675195309710435
1957,0.7431210766269604
1958,0.5309831871523774
1962,0.6429226569127189
1965,0.554687315905306
1970,0.4245142469558417
1993,0.9593005559548571
2046,0.7610807981067396
2061,0.46191579595279975
2075,0.07263820848130492
2082,0.11733756821539343
2083,0.7395081106061474
2087,0.18097605946015483
2103,0.2838853765038794
2105,0.4104777538736216
2108,0.6747123768933985
2110,0.9659437642293398
2123,0.16842028073766468
2124,0.22279710363410987
2132,0.4451502687725702
2133,0.7878673497763735
2134,0.6303819691489396
2138,0.530283866439238
2142,0.21929507631936757
2146,0.37777238918151035
2150,0.3218504757932608
2176,0.10381884744503567
2181,0.7522361391053995
2186,0.0694437369298968
2197,0.5282698834553818
2198,0.014283181039657866
2207,0.7715827713884766
2209,0.15638746253118785
2215,0.9240755313026732
2217,0.4318311483927002
2220,0.5165387976334663
2223,0.15802393443181406
2224,0.34787594992225973
2225,0.7423508487561018
2230,0.39263449054276145
2233,0.49292031582871976
2249,0.44351167427835503
2250,0.0059216446904663544
2263,0.19810847863393144
2306,0.1157673779734224
2320,0.9429586480919415
2328,0.47327225194317357
2337,0.22408866712864745
2341,0.2287854359685932
2350,0.5591464523108194
2352,0.3949593720964854
2360,0.12263424768394177
2363,0.7386672913679406
2379,0.11274695878593899
2382,0.23905112459022582
2383,0.6896462150231459
2389,0.3295830458392368
2392,0.11869841831253164
2410,0.19433298304646596
2422,0.14171572626033002
2423,0.46047194144512227
2425,0.30828831416445684
2432,0.4656529469336778
2433,0.15042101380127643
2435,0.5268312401552955
2440,0.7706149190047155
2445,0.49233146151880863
2446,0.3894424051191929
2454,0.37712658044136094
2455,0.32995625833461484
2456,0.47174907474982003
2457,0.32100671051694374
2459,0.7891517089226767
2464,0.3278033826073148
2474,0.9508175851176344
2476,0.14100726206212982
2477,0.9464967123606096
2478,0.8765201101269222
2479,0.709430597834433
2480,0.9498005657035734
2503,0.5548550280044187
2506,0.3609420200064294
2511,0.5093997580679978
2532,0.37546665589938083
2534,0.5394772763007554
2544,0.8271145930336106
2546,0.28290538965052897
2550,0.3681786817707998
2553,0.12211217835368426
2554,0.23940410155768627
2563,0.29907193121057335
2571,0.028346305376442504
2577,0.4870556924149545
2580,0.27351197322773296
2581,0.025482953191691582
2587,0.3261463759452085
2589,0.1300544413240789
2596,0.068887882632724
2597,0.7870529746707265
2600,0.17165357203742326
2601,0.6197127936539026
2604,0.5124866726857671
2607,0.2139570240253275
2614,0.7274725467242726
2615,0.42942596612785416
2618,0.7862488020258053
2628,0.021558061359592706
2639,0.6139330531768485
2640,0.42565991186791824
2651,0.6696273665493242
2660,0.04415555947555122
2665,0.10404034667329592
2669,0.19466709067276278
2671,0.2678617821787942
2681,0.06978396073570953
2682,0.9384524293875267
2685,0.4938118422906107
2690,0.41977229215244316
2694,0.17108991474770235
2701,0.4421297743984964
2712,0.5163693523087951
2719,0.297098947067422
2749,0.21534343292504082
2757,0.11068705183937888
2762,0.8517558965511309
2769,0.8085354473838778
2780,0.7097979528463535
2783,0.28376490606612187
2785,0.3082917954766597
2787,0.42043026861748056
2791,0.35760430597251464
2795,0.5065973753958837
2799,0.5570714901370336
2808,0.5737452791988515
2812,0.7285997637900931
2831,0.3111444947332523
2854,0.2288185345237691
2872,0.22817193989681578
2874,0.420615226746005
2877,0.5878338952134625
2890,0.734214783582028
2895,0.2979595823339381
2898,0.24904022199452303
2900,0.6105044045932083
2904,0.587370241815319
2906,0.6214610309434812
2909,0.9812640493195596
2922,0.8341082624081699
2925,0.26733656748858997
2928,0.6351808979375522
2933,0.7045172709250856
2939,0.5649532010700389
2942,0.06861278070818166
2958,0.12420803958365845
2960,0.6353886005102732
2962,0.9526522693484649
2963,0.636962422732461
2964,0.38349876889102835
2971,0.5520985750943803
2973,0.8962037975144468
2974,0.03959533589347358
2975,0.58807504169388
2976,0.8556677450203963
2985,0.5396873096643593
2989,0.41745090126875106
2990,0.9942692293898165
2994,0.8882689722136269
3000,0.3521786980279141
3008,0.3390741941600577
3014,0.3554778118931079
3020,0.30022792533399995
3027,0.03827954699318703
3038,0.5868817278175067
3044,0.273003979673661
3051,0.21791484031224068
3053,0.9263139148790397
3054,0.7876406606232473
3055,0.3693123183516195
3056,0.3094705707450891
3059,0.16051780824513656
3061,0.20858986120607625
3064,0.29940448523235724
3068,0.021943156118457763
3069,0.33154190542376955
3073,0.14273617506477415
3076,0.33728811567808503
3078,0.319132834445203
3079,0.3492993919359254
3084,0.04119985899740569
3090,0.005306386261320961
3092,0.2634131718557131
3093,0.2028969673733112
3096,0.675235362496122
3102,0.5508500568954157
3103,0.5844419724091459
3109,0.3767079209660692
3110,0.40815090150037164
3111,0.18000333289940917
3112,0.25081907210322263
3114,0.18632889096351024
3117,0.35709108836898046
3118,0.8690092084405834
3127,0.4353094434040104
3138,0.3502704101627036
3139,0.5673647539994304
3149,0.8127894901892725
3159,0.6722741394340881
3162,0.4260710496906723
3163,0.7309972085672403
3164,0.6485878064277889
3169,0.05556550604385757
3174,0.5085163366698378
3187,0.2750146794310484
3191,0.4566251835817973
3192,0.22457689926364754
3196,0.2943412422323812
3200,0.7040781765085476
3206,0.9704726854444218
3211,0.6257742535401156
3214,0.15520564594649133
3215,0.9065127698316435
3223,0.6452818256497549
3237,0.2841167862272792
3241,0.32593756331892365
3243,0.2846203718765453
3246,0.9181999313144834
3250,0.24033828766638354
3258,0.0943235334203803
3328,0.6421000814225679
3335,0.6687891071642519
3337,0.42284788232523673
3338,0.9106690042230707
3340,0.1270422043502828
3356,0.48558748844355815
3359,0.7470022550282358
3360,0.6734195963892612
3362,0.5584103533677238
3364,0.8539622015598971
3366,0.6349717329985561
3368,0.5014867540674239
3369,0.30894984166842915
3371,0.3702253759380187
3373,0.47070562370619284
3381,0.4188691240235956
3391,0.7979748587000379
3393,0.7564241020000759
3394,0.6930951068758876
3396,0.18050472478082252
3405,0.1481796471188112
3410,0.3275446912639938
3413,0.7147715961835975
3417,0.566714705038486
3421,0.32147087547913483
3430,0.010068023923380354
3438,0.6420655892259056
3442,0.6263149916155708
3444,0.9480093808147578
3459,0.2728370242633871
3462,0.0956980031085331
3464,0.2637652781611048
3465,0.3425282396639422
3481,0.03735019345162971
3509,0.00867994415624207
3521,0.10441574620311617
3528,0.4867110550662492
3541,0.46069457749652243
3564,0.051759720523851416
3565,0.11466759163076828
3575,0.6759887763886554
3576,0.1845952614284404
3579,0.4871729495726439
3584,0.1445233379516071
3586,0.13493206914158073
3593,0.3324424027575657
3596,0.0333037793855821
3597,0.2967374734168521
3599,0.2740242657154591
3616,0.39648926968914655
3623,0.9243314717503471
3627,0.08508506784580022
3629,0.23449996541625662
3639,0.706046494529579
3640,0.6362204411576274
3646,0.8516942003289313
3653,0.57057426903274
3657,0.22573830136004697
3673,0.10609036896175866
3675,0.31487114539100275
3696,0.004607582545562761
3697,0.34919099096020373
3716,0.6628426004921918
3717,0.9727000019614915
3719,0.7715045088190757
3720,0.20497140896572547
3721,0.4780089325619279
3723,0.7227088790419428
3727,0.9974481766354886
3729,0.6427489253853146
3731,0.08791399339351263
3735,0.6669219689237974
3739,0.1306230895693744
3740,0.21630513179363137
3762,0.2926180842552453
3763,0.20814267483542748
3768,0.02852299726155838
3806,0.6041590325325127
3814,0.6718563967318762
3815,0.8030156314822993
3818,0.8297502901809906
3825,0.9183463268391554
3841,0.8045668067563383
3844,0.7016016182177123
3850,0.23599977178430903
3852,0.575118991553408
3856,0.6132202828416595
3857,0.1627076876568253
3861,0.9440539322304566
3868,0.14439198656377106
3870,0.06806816938363897
3880,0.17846753813147442
3886,0.8685656769128787
3890,0.39674476063672504
3892,0.3185592675688031
3900,0.5919933030291138
3914,0.8526166733568311
3918,0.6221298298429114
3921,0.028270596273050452
3926,3.4723006689163505e-05
3940,0.024532614044146417
3942,0.28303910284056755
3951,0.6393265082709837
3952,0.8071081681236777
3953,0.910008767169562
3960,0.7978086138748708
3961,0.6675500223050971
3966,0.18273087321134646
3978,0.37995015593068837
3982,0.5992323413016342
3983,0.3535930281948793
3985,0.399760781339797
3986,0.3391329818421412
3987,0.08562486247615458
3988,0.07378664492743509
3990,0.3106546210979424
3991,0.6399565046507412
3994,0.9750934562109537
4006,0.6591104320620599
4007,0.2519565174190627
4013,0.11111870867712142
4028,0.6183558403496932
4033,0.7796703606300868
4044,0.942076900770014
4049,0.973737579963291
4053,0.3984926776034653
4056,0.5699783128252753
4058,0.9288251034160826
4062,0.11769733856060188
4065,0.8875984417250935
4087,0.5164211113799058
4090,0.10802820155209153
4094,0.5342295799861521
4097,0.3615159313292662
4103,0.8975123131666668
4105,0.17174749515758259
4112,0.4007341128272291
4144,0.8395638947705283
4147,0.843545329481733
4151,0.07681639104511617
4152,0.6576207415225159
4160,0.9935551875190667
4162,0.874559933686152
4165,0.7638187322736147
4183,0.9708757089512619
4187,0.24215259439716513
4188,0.04941955335155174
4191,0.733131080602943
4198,0.5613905140375253
4216,0.2601829515892811
4220,0.17121794470063745
4222,0.10961941403518066
4229,0.7769861221580028
4232,0.8294521674025699
4236,0.568552876710606
4237,0.4340246729414952
4247,0.9924998156292204
4248,0.42517002623737865
4254,0.29537385936965616
4260,0.8870568461659798
4262,0.897493185444002
4269,0.41841400953175495
4270,0.7492833560297643
4278,0.06779424414997381
4282,0.024512607035678757
4292,0.5955293493558703
4298,0.7173111575051498
4304,0.7808514846108101
4305,0.9002967554051613
4310,0.12302506354964088
4318,0.6434896577998013
4321,0.6892873523300781
4328,0.49174982209277845
4346,0.7299169623543567
4349,0.2295292532112163
4362,0.7795466048590465
4405,0.725411405304357
4415,0.4892638902614032
4419,0.22843722201822692
4423,0.24444561020648786
4431,0.42310942921644124
4433,0.6281530981242451
4436,0.8476618203764276
4442,0.7921077258241939
4450,0.4759813459184681
4451,0.7900019267033
4460,0.5531084073211561
4464,0.7974790893010753
4468,0.7748138053857148
4481,0.48994335173385073
4487,0.3715539867411663
4492,0.6711314850482004
4495,0.18854941907502787
4498,0.5871204570366062
4503,0.712665138880461
4526,0.955652957744725
4530,0.8938107730833206
4537,0.5481854163003501
4540,0.8819595114896857
4546,0.944637359082053
4548,0.8313321734432877
4557,0.6019557964980562
4560,0.5448661799220539
4570,0.2483403359040151
4571,0.44521345120144706
4577,0.4194767849595324
4595,0.28442814783180487
4597,0.38757358580624657
4598,0.36527447750854886
4629,0.8101973609669517
4693,0.07760815506552848
4700,0.6941888195074181
4707,0.9979108798047842
4708,0.11939044646886754
4714,0.44421100779425765
4715,0.5473381871375976
4725,0.5613273587512588
4731,0.09136503227319237
4732,0.08891620809625439
4738,0.4596292662775086
4744,0.38675325303722297
4745,0.039128333401704685
4750,0.8806409721743851
4752,0.05478664825355428
4754,0.2569554906437864
4755,0.7479632316510619
4758,0.888754633614117
4768,0.9703914068219348
4776,0.4851097405601734
4777,0.7038326523978063
4779,0.1812230906756513
4783,0.16843655211760356
4784,0.42147748940998964
4789,0.15639223263697266
4793,0.4067827395991436
4799,0.3263267053291286
4805,0.7645777055621319
4819,0.9890671417086825
4824,0.39549662474548364
4826,0.1401040425736026
4829,0.08654723214734994
4839,0.7880676466279491
4842,0.1448326660449027
4844,0.6741300776457796
4848,0.8900105010182926
4852,0.6724498417483629
4865,0.2716176082487574
4881,0.257340823227983
4884,0.46039022368254257
4888,0.9438064463149838
4889,0.4819833293888238
4890,0.9404214563442228
4898,0.8203496681467437
4900,0.7629453432972297
4909,0.29133703010885686
4920,0.8549578166455729
4931,0.14412866839056337
4939,0.18649746186439214
4945,0.17827655927465957
4948,0.09129002632465755
4953,0.4073243314898061
4989,0.6698283221616721
4990,0.4543165625640386
4991,0.03334691689443703
4999,0.8896921709478527
5003,0.05778046237342116
5007,0.08440896318331381
5009,0.4230240191165802
5017,0.02790436320864631
5018,0.46242216376364276
5026,0.5399007255615432
5027,0.1070853172066698
5028,0.5479583958432417
5030,0.5812729828937094
5031,0.9666952086321166
5039,0.20866178319524958
5040,0.3342106248671594
5043,0.9708778058887396
5048,0.5523235564394495
5054,0.06302789615969323
5062,0.40128043254347506
5065,0.45131007390408956
5068,0.004951452428651304
5075,0.8633350510811051
5079,0.22320614304758923
5081,0.3629608740045877
5085,0.27401744128333927
5088,0.02433699606178491
5094,0.49161043841947244
5105,0.17282109342957497
5106,0.25116696489727314
5107,0.13027367413559576
5112,0.8129149600915795
5114,0.5710118284121556
5115,0.9647991586169502
5123,0.22730023438614866
5125,0.636936202212204
5127,0.7751685937608015
5128,0.8899704854398145
5145,0.8415609775812121
5153,0.6870270854725649
5157,0.5514105962441112
5169,0.8652721990204708
5174,0.6752778251988691
5193,0.03756731792572954
5194,0.5520460135364629
5204,0.026131536863955085
5210,0.12278196157228816
5214,0.6293584907759722
5215,0.5898883193913245
5219,0.6276847006126136
5223,0.6765539306419446
5226,0.4151974369854968
5227,0.6046216880691979
5230,0.6175500231040729
5231,0.04245880076113129
5236,0.5962155244146278
5237,0.8661564628629481
5239,0.9208105269439707
5240,0.9829149832080699
5243,0.4866917665087196
5250,0.11919259132444343
5252,0.17618811447430704
5257,0.7920990916115802
5259,0.3747307807960514
5260,0.16111531396276757
5262,0.020958363571761895
5264,0.0074892225002417545
5266,0.19466441326772654
5273,0.6265271363135951
5285,0.08320121976967776
5286,0.7738768282207792
5290,0.4945061857719352
5301,0.3786216518594203
5302,0.1575020145515928
5303,0.3014937532154249
5304,0.9522819072851669
5309,0.9559139482510317
5310,0.7736893885979303
5312,0.2643758188712956
5316,0.23822454992045577
5321,0.08549305824644376
5325,0.0957760557700702
5329,0.435817007987742
5332,0.0038052218360159484
5342,0.22347431088831327
5344,0.8002568746156666
5347,0.49861674680707535
5348,0.2192208820719424
5363,0.6288434722919192
5367,0.22577567183597147
5374,0.6127667075054826
5397,0.4226750946225848
5402,0.3934860975507683
5406,0.36897681097822205
5417,0.7730037959705998
5418,0.6066765362628146
5439,0.3929562415270228
5447,0.05376898779663525
5448,0.3582362627747519
5460,0.437170241972856
5462,0.24944069172983596
5473,0.05015268908644105
5475,0.09005290634421814
5480,0.05518253949690194
5482,0.30203124014640437
5483,0.6481000879694307
5488,0.38533701519628866
5512,0.6827615738941211
5514,0.9641643849252285
5523,0.859949904880632
5527,0.48803577423757855
5528,0.8504313921345785
5531,0.8160992818295749
5533,0.7324675794808495
5535,0.2608220426573779
5543,0.6911519162568194
5548,0.8121591757424499
5576,0.7278035854769888
5593,0.7031171840420232
5597,0.8331282108406036
5611,0.6433410039024958
5616,0.8751115948182804
5641,0.6740449814872082
5642,0.5009389648449488
5665,0.2488889176993842
5666,0.8148667004567867
5668,0.14051628241625508
5669,0.7286895575114269
5670,0.9304398961466616
5676,0.4007949477879894
5677,0.8249665883380135
5679,0.9392015029691777
5685,0.4071772293893762
5693,0.8018234810219461
5704,0.9630040313800408
5705,0.02477139432868819
5709,0.17212024174258928
5722,0.6631145173842733
5745,0.16766328952877702
5748,0.9983518552979281
5750,0.4579659572652113
5752,0.23629533913046963
5754,0.07162855300879045
5755,0.7570288857009089
5757,0.6663077239952055
5766,0.6990337922708032
5768,0.7553002556638098
5771,0.701674367280618
5773,0.9300863775671839
5776,0.6603694880505074
5784,0.6732878155267563
5788,0.6498631556070527
5790,0.7959108298379297
5791,0.5094488095144515
5793,0.27040437006199736
5804,0.8188039440936757
5806,0.06020829142613371
5807,0.09449467726625199
5808,0.7536829397147514
5809,0.998333303588107
5826,0.3405997788494379
5827,0.5076501838949448
5828,0.17739452481577805
5836,0.3785614388114198
5837,0.6163871663460421
5838,0.03943361268534412
5839,0.38266499366666873
5840,0.22004683365855165
5841,0.0326454075099008
5842,0.3441734295502571
5843,0.38785545009834255
5844,0.5120750020403779
5874,0.6651441861948303
5881,0.7786321467109637
5889,0.31028948969804204
5892,0.6254833939916273
5893,0.2125972490071042
5897,0.20734979640427903
5903,0.41287026357686235
5905,0.5266083423234627
5916,0.4437466204790594
5921,0.3312206628512443
5922,0.5747160422797355
5938,0.16822399889330214
5939,0.1352208759258875
5944,0.72688170625451
5999,0.9396656265203098
6011,0.976420598057381
6012,0.07767402734269463
6015,0.5899798004928226
6017,0.607965901005974
6019,0.31158092169173135
6025,0.14083169235961024
6027,0.5453172527910031
6028,0.7049382722056765
6039,0.958322022727885
6041,0.967442036465332
6049,0.5743391425377509
6054,0.5288747108497114
6057,0.02819883472434842
6058,0.45603499305350764
6061,0.5287859708107698
6068,0.9301954126454208
6069,0.11937593806550717
6072,0.44962871694283335
6073,0.19776041727498772
6077,0.1284800588245929
6080,0.6284382054987939
6083,0.39613831667564303
6084,0.37378617325643415
6099,0.9296666115188633
6101,0.7006083135708119
6102,0.39523470305116243
6104,0.4225128230424354
6115,0.9585653757796383
6129,0.6533048677109041
6130,0.5224504970393051
6141,0.5645657252175095
6142,0.6067714462808941
6148,0.8765249824244448
6149,0.6056506429248241
6154,0.86634674920312
6164,0.6210975301013193
6167,0.3061663158755088
6171,0.3624016552804063
6172,0.635918174759492
6175,0.6585597336993017
6210,0.9127714496876208
6211,0.48219772127677174
6212,0.3709966290111585
6213,0.2121062197316807
6214,0.05355522452397499
6219,0.593738683361092
6223,0.6998358808652807
6231,0.9349572852180504
6235,0.48616715671821775
6251,0.6830107449484635
6259,0.6114969853912009
6273,0.6985401358552433
6278,0.9481389747286119
6288,0.04461000222322509
6290,0.21941902478969866
6291,0.26389921490625806
6292,0.37917456486447587
6311,0.6795440328769812
6313,0.7192775975953332
6319,0.39957656186247137
6320,0.8458040923021155
6366,0.17201558979714837
6367,0.13037995697313726
6369,0.4615671188681962
6376,0.7253638653028688
6385,0.039605986602658405
6411,0.9785568400344866
6423,0.028420815978028646
6429,0.08550109733768863
6434,0.221460076717452
6437,0.06584291412416632
6446,0.925157605078529
6450,0.6298912092056166
6460,0.6194487165543335
6465,0.7199444714176029
6469,0.8892045832129082
6498,0.9114712527819392
6520,0.8536702786242052
6527,0.9407429900721449
6529,0.8686825287976755
6538,0.36924365417279875
6544,0.9384176199607988
6547,0.7019187066781751
6550,0.09769515565429504
6554,0.6090856134899365
6555,0.6570790171654055
6565,0.9045188314838455
6572,0.06442052567660711
6575,0.47702902347651
6577,0.3457477538191151
6584,0.20655018353649063
6585,0.2137363627253629
6586,0.6041183531741589
6587,0.9352555392079923
6602,0.21866088237592812
6603,0.35263238717873624
6605,0.4552799719551403
6606,0.9068440807218834
6607,0.9999490319661646
6611,0.6725791192757582
6612,0.17070589709904493
6613,0.7439474605908587
6618,0.4248814934832098
6620,0.7125418021955277
6621,0.6697423048511628
6631,0.9613660477908308
6632,0.181658896210516
6636,0.5911158543440804
6642,0.07794702296442663
6653,0.5341154728798185
6658,0.7080937587476742
6665,0.1221961416211958
6670,0.18578415512998864
6674,0.923966143864515
6677,0.785062165798299
6679,0.3339821445217884
6684,0.7843675572726927
6685,0.6158908294896223
6691,0.7025897465482833
6692,0.5420694382620019
6697,0.7567595418217928
6706,0.3699754662628541
6708,0.31683957271004237
6712,0.7178820292696919
6716,0.33700765737017435
6720,0.27431746984033867
6722,0.8118400189768076
6726,0.9828227261470137
6731,0.7791486999044437
6739,0.06009611263502146
6747,0.1496814948947207
6754,0.689108313856448
6757,0.9932006622583942
6762,0.5805602842156725
6763,0.2988439287155146
6764,0.11770287606479296
6768,0.5454720599784124
6775,0.31628572125797166
6777,0.6916345028291806
6780,0.865939988186376
6794,0.3950128061323718
6796,0.11760032180308899
6802,0.7621319166049052
6806,0.10907542546290744
6818,0.05033128494507899
6829,0.8455181208693028
6835,0.8722379011094166
6839,0.576355011898145
6842,0.41156506489038175
6845,0.19039453593414657
6846,0.3492526254402971
6850,0.4046101182969735
6855,0.49083066468191366
6857,0.1906236247725373
6865,0.33492313651232825
6884,0.7125517009102786
6888,0.09667835531477664
6899,0.616573597894017
6900,0.5015266146634483
6902,0.2207944949217981
6903,0.8147095414113744
6905,0.9322736863623826
6913,0.02229211470272413
6915,0.4649439461357206
6920,0.7574351381065805
6921,0.3581704913464667
6939,0.6616206868450994
6940,0.9113756442395506
6942,0.5653575563378621
6947,0.5996599077471901
6952,0.9257086873628373
6953,0.9497734002530858
6962,0.6618524895103002
6964,0.9972042758464504
6973,0.12238894361336694
6977,0.8780994287665561
6981,0.9529253893788929
6983,0.1308279344078787
7009,0.8559875772145565
7011,0.9861151805517452
7046,0.0015863562136956832
7076,0.7747383895067
7082,0.20628153580787056
7087,0.17207611228900604
7099,0.21795912892148456
7101,0.13743401361307844
7104,0.47590385105223204
7113,0.15040610120287
7126,0.35395494864417876
7137,0.952654331754863
7138,0.8750901424283746
7139,0.9403988512701202
7141,0.35936725701278066
7147,0.42963683502013084
7150,0.24726706283099498
7154,0.43396974059162025
7156,0.017527433241736168
7160,0.3560010970309746
7166,0.15278820968125761
7169,0.4916757926218777
7178,0.8177481490023119
7179,0.23182568011910432
7221,0.9871166229430717
7231,0.6703487620277129
7298,0.3701853295781871
7300,0.017838857319979307
7311,0.7466477304753365
7322,0.23459352784502707
7324,0.6633127168221149
7328,0.5515267809571942
7331,0.07259220948597866
7335,0.9535868001207809
7341,0.06514925355739865
7345,0.010880397816565912
7346,0.4459061545079041
7347,0.030722599134779316
7349,0.3767045750901241
7350,0.19746212581383066
7355,0.9514678393873413
7364,0.3628881831412726
7370,0.9055324090426445
7371,0.8156321362590555
7382,0.34574987902958204
7385,0.4918277473360044
7391,0.20159431424294488
7404,0.3848861250637042
7412,0.749627761475593
7413,0.1560244457102054
7423,0.5386793556544904
7427,0.07248985838987221
7428,0.4046577610653565
7460,0.8742275409783523
7466,0.943782777558237
7481,0.24325214323441968
7489,0.36409686923677276
7491,0.06208038932168458
7492,0.7973444531681386
7497,0.4999060276461428
7502,0.5227361823029055
7504,0.05379810435203447
7506,0.21509140486664308
7510,0.10152503936548118
7528,0.5853697488706466
7533,0.5741318949090742
7536,0.21198728275610923
7537,0.08495150471138185
7546,0.41306560055646246
7550,0.7983526690935961
7552,0.6074341261767248
7553,0.8257896535133856
7558,0.3742257494382258
7559,0.09957343553168085
7568,0.5400542223822001
7571,0.2717507795991186
7587,0.516769298660124
7607,0.9247525619756076
7610,0.11731027465598493
7616,0.43711774771893697
7618,0.32875706655843984
7620,0.6560021713096668
7626,0.2853822681606664
7635,0.7764045618945379
7646,0.2567440727453763
7653,0.7954020296866404
7662,0.7578403454988933
7663,0.7843497535621398
7664,0.5825239369261911
7666,0.8402238965094013
7668,0.14885248998747935
7675,0.07438261817795733
7681,0.5127765495782926
7682,0.7243608858865759
7683,0.6441155523218745
7686,0.42123647310029355
7695,0.3736093591784086
7696,0.15211916127976605
7702,0.8932863437912567
7703,0.22970906181549472
7704,0.36058072883780895
7705,0.8668993828605478
7707,0.2008930582018894
7708,0.02530155418332536
7723,0.7419029553635685
7732,0.21130972526350378
7737,0.22036713754462672
7742,0.9151356538652682
7743,0.7872430898640956
7744,0.9532587529697704
7746,0.525130546244716
7754,0.21715618491158056
7759,0.16066499750242808
7762,0.9931358658249307
7783,0.5919389699103332
7789,0.712805574951207
7792,0.2809840837450173
7797,0.31947259470758393
7805,0.50549121810202
7806,0.7532439793959192
7808,0.9348501352368477
7815,0.5067703762385408
7825,0.9470982197881817
7826,0.9135015938729799
7827,0.9445958983865419
7836,0.9033526239840556
7843,0.9047031011753257
7844,0.12671950561332196
7846,0.46236166480204394
7849,0.056061568367717585
7853,0.13514254537157294
7856,0.8491647344053714
7861,0.21818803942924153
7863,0.8384754735596823
7864,0.804640900974319
7873,0.8008467601386824
7878,0.20634090666279764
7926,0.08881882992399337
7927,0.38107215622828544
7928,0.3946131349051576
7929,0.041693908208944364
7930,0.7696571040083642
7931,0.7214851610984314
7932,0.5857286549821801
7933,0.48873507791502185
7936,0.4705096618070333
7950,0.7961634344183832
7954,0.6863455167870836
7990,0.023861983173643686
7996,0.5780821638631565
7997,0.5968467974429044
7998,0.11051689900334993
8017,0.13839334692307131
8018,0.35696792609094397
8030,0.3653972371414589
8043,0.9659361895313266
8044,0.6339522685636588
8050,0.7719060969862304
8052,0.49418071922916174
8070,0.8009722033065074
8071,0.842585211463175
8084,0.9781947984593218
8105,0.06647014410949287
8112,0.8976790603062192
8118,0.7325355723812843
8141,0.33292849673679437
8165,0.7951196688368927
8168,0.8201487473233315
8174,0.1631242348057539
8201,0.6684445484420235
8219,0.3630747929124557
8226,0.4048231008869194
8265,0.5733722112844211
8269,0.8739288318475954
8277,0.09901257233145078
8327,0.9537067546698554
8348,0.23312892081686987
8353,0.5141310227093616
8356,0.5900777236338592
8357,0.7346754199378729
8358,0.5103742919584151
8365,0.8817950984340841
8383,0.9134884092556361
8386,0.7870990769607564
8390,0.6670871307874121
8409,0.6774608616427877
8412,0.6207304884428124
8419,0.6481866079180258
8420,0.9681597551526124
8421,0.7563109091389414
8429,0.5368277241899924
8435,0.6721189557354081
8437,0.9793035490484479
8444,0.7401788015452668
8446,0.5437007504850131
8447,0.8032467668041845
8457,0.9150961138668803
8496,0.8641727253902645
8500,0.38543453324010135
8526,0.9805112694901204
8546,0.20189230511398004
8549,0.24932163599801477
8554,0.4685383537711867
8557,0.154671318918233
8560,0.20105806959361827
8567,0.7827658768059134
8568,0.7819831922534468
8579,0.509407108160107
8592,0.6824043994314974
8600,0.5850946950032803
8604,0.004683072601266103
8625,0.38817173150161605
8631,0.12655439063806967
8633,0.2201755184389388
8638,0.4218965447098434
8655,0.5809395410004567
8666,0.8372743410351313
8684,0.9392355822637701
8697,0.09486833852184962
8705,0.35298962642657306
8707,0.8622192424259056
8723,0.8451487754986373
8727,0.6991518369859512
8733,0.8329382300455396
8740,0.13313553999171035
8742,0.5621367604887455
8792,0.41783296028523564
8794,0.621891708032835
8795,0.7570827549642801
8807,0.5414605700346846
8835,0.6940702576267453
8842,0.6903082204492608
8865,0.42054294007135257
8866,0.30062333466355773
8870,0.13479382955628239
8873,0.40777681947385813
8891,0.6049814796407165
8894,0.6983392924065389
8895,0.4258339650691852
8898,0.0040700842498903045
8902,0.7100781751576815
8903,0.061672889881838666
8906,0.31436585709333764
8908,0.9278454608617668
8909,0.7433507484955177
8911,0.06420207851823756
8959,0.9115494550823636
8987,0.09891234820324585
8989,0.2930301744372007
9008,0.8604607438843914
9011,0.9502746663725297
9012,0.7587070661394346
9034,0.806078739432178
9038,0.006791457148618896
9051,0.07341029640085606
9058,0.8635765570120961
9060,0.5691232835385628
9075,0.9827806657397674
9076,0.2622871101259279
9082,0.5976589278260667
9088,0.11536291696194673
9089,0.6423679438485085
9090,0.0485870840768744
9092,0.09014950456024456
9093,0.9170770714559346
9101,0.8044716868684916
9133,0.18878086435879315
9137,0.3689134645538147
9138,0.9258409122339724
9142,0.5568066908686753
9144,0.28231221447309773
9184,0.8920351428006899
9218,0.9406925516264374
9219,0.4500866965704672
9220,0.190075934489494
9230,0.4620662565207456
9263,0.5800850294303579
9267,0.8049694163597435
9274,0.9097094112934173
9276,0.7173227145650485
9291,0.003867861871369116
9300,0.29668572095652473
9301,0.32741300522882893
9303,0.2940414765528765
9317,0.5566203788653328
9335,0.3959533583428229
9374,0.49825235969817955
9377,0.971395687044112
9389,0.07633554531847786
9393,0.013109282457058447
9394,0.32708816015056846
9397,0.4515658242121647
9408,0.3133123315624383
9410,0.37376949584362196
9412,0.30783509281031823
9415,0.4990670911041964
9457,0.3030250372243116
9460,0.057260983970484514
9461,0.3479414909391508
9462,0.6939967071664503
9463,0.45337160070831195
9482,0.2784931855318881
9484,0.04025399973641003
9485,0.09126773132746524
9504,0.9619781488395537
9510,0.5302437805190221
9513,0.12469736784283103
9514,0.07360811028973341
9539,0.317873800179029
9545,0.4379297512796822
9546,0.33476775682116433
9549,0.41310810240169127
9550,0.36257542682939
9551,0.6047239523939827
9555,0.3225556372467159
9581,0.34478122658708665
9582,0.8028101303779205
9600,0.6408560356814996
9602,0.9757133506737886
9611,0.12819457546253954
9614,0.4816160965617118
9622,0.8343970555727114
9626,0.5084595384729449
9628,0.4663632209836688
9667,0.5365107891547066
9670,0.5287775766003965
9679,0.2130713855025662
9681,0.9515657011941081
9688,0.9251447059356626
9691,0.999325962659178
9693,0.6223640870708395
9694,0.8429977760826999
9701,0.5169929301022831
9703,0.5619261965264433
9712,0.25730748359376543
9715,0.6710878726444953
9717,0.8404359113755333
9720,0.15171442828262433
9721,0.3702972849351263
9729,0.14733951451859867
9733,0.3157511405449575
9735,0.26511632946714087
9737,0.11374447549795169
9738,0.14546055284899118
9741,0.6912649823482602
9744,0.6254580302978183
9747,0.8767439003738149
9749,0.5008060528377039
9753,0.8510115655886092
9754,0.41636457400484783
9758,0.0982562679336802
9761,0.516137577276489
9765,0.23441603062119404
9771,0.0576775054360823
9774,0.9534967708260125
9775,0.5121009197405116
9778,0.898007008326926
9792,0.20158381140653253
9798,0.015421682981675955
9802,0.03200296798017599
9803,0.7771661507132843
9810,0.5936127693851776
9813,0.9214040591688764
9816,0.18276895555112488
9818,0.39409027228787846
9822,0.3448561612727172
9836,0.4288278365354456
9840,0.9128941064839351
9843,0.5045639801599271
9844,0.26952469614724045
9847,0.8198265934693488
9854,0.07566232355909347
9875,0.8051774321966867
9876,0.7412399682612344
9880,0.5336582542655097
9881,0.6585108769184254
9886,0.5341992774449029
9888,0.7438012828097678
9901,0.3063233180136467
9902,0.3909637066648024
9903,0.4982135797983833
9907,0.5289940064679941
9910,0.1424180316482231
9930,0.8472159512669458
9932,0.6574754358280552
9934,0.30836357105872225
9938,0.11167085247757408
9982,0.5686635543687881
9985,0.2671062014893027
10007,0.9880839574462055
10015,0.525863956631796
10027,0.5322954452412443
10032,0.5018185262863903
10039,0.6842390697728387
10046,0.2591144492729359
10052,0.7855756639309293
10061,0.6012971808016486
10064,0.45874602168246703
10109,0.1361757461520463
10167,0.8164580068155127
10169,0.20940481995645743
10171,0.5730206041528638
10182,0.5770541590545314
10193,0.8553476424101845
10204,0.08375619500046289
10207,0.2431516210047907
10208,0.43248669565044007
10217,0.4372007706236491
10222,0.9248238327170979
10224,0.8679147138159471
10225,0.6044524742868115
10228,0.7419825070204212
10233,0.0021438038004251703
10246,0.618001186425158
10249,0.8720053011731145
10256,0.25568844807187585
10261,0.5383626752208605
10273,0.8042552617056689
10283,0.1329919430986125
10284,0.3319388712868896
10288,0.048332119980844856
10291,0.6976346796215489
10294,0.8294853791249183
10297,0.3240742208845146
10298,0.34444990852249
10378,0.543189778968997
10412,0.5949621137303682
10476,0.6818393104587377
10534,0.46279779151898476
10555,0.8422196677800657
10591,0.7437112073603287
10610,0.23593532692492974
10612,0.6314410046033345
10614,0.3761735892437839
10634,0.016574356059995354
10637,0.25101062145140274
10640,0.4141790699757908
10659,0.7362658116681933
10663,0.5420054728614558
10665,0.7948626212658529
10667,0.4912260223152322
10669,0.9578921391245997
10683,0.7305004309541432
10691,0.3386216600827177
10695,0.9600477058037336
10700,0.8433301606611221
10702,0.8501148718567584
10703,0.6874220442007835
10704,0.6098043720225056
10719,0.20057540967249943
10725,0.34030255509596113
10731,0.8481116068129961
10735,0.21856930414392978
10738,0.32171811675651496
10741,0.14114760689875577
10748,0.27705718791246675
10749,0.711924934700878
10837,0.5764510331111415
10841,0.0169952592250186
10844,0.3632426380122036
10850,0.08647219319618948
10857,0.6587391082650699
10864,0.7059275091409332
10865,0.9943869111475435
10866,0.6386899328149147
10872,0.4352517204791552
10886,0.5254714853126463
10903,0.980830465316392
10908,0.9110687061460567
10911,0.692429794592162
10912,0.7417362263465468
10917,0.7165017587586407
10932,0.6540783168538845
10936,0.7765834317948731
10970,0.9984519068135809
10984,0.30941453586270895
10990,0.657787284009489
11004,0.8452363252690335
11014,0.9566028902471808
11018,0.20495153539267702
11025,0.23869879629686536
11032,0.7226029967390744
11034,0.9249416095387166
11037,0.34347979768287334
11055,0.5222679745348412
11056,0.9942877665485861
11060,0.6860440115786808
11064,0.7805165373904204
11067,0.9847980481101231
11070,0.07759773077280668
11072,0.17143504213370975
11078,0.6996104068570586
11080,0.5092390887812881
11082,0.32370111784241407
11085,0.22997084105155385
11091,0.716110593854596
11097,0.2501761835020442
11098,0.9081324442140197
11106,0.7124274423104906
11107,0.08077096617322288
11109,0.1656291990282494
11110,0.16968595629145128
11111,0.3146300119419733
11112,0.7602450503004969
11118,0.278299116880687
11119,0.6180693483647675
11120,0.9724839267839668
11136,0.3810924146030504
11137,0.14572050400180359
11138,0.6201951364327352
11139,0.03438669546694367
11140,0.4506692176936108
11141,0.146844669401051
11143,0.10860055147488262
11144,0.4715342934907179
11145,0.9031605798837181
11146,0.9762467860806487
11147,0.15019220644382708
11153,0.8773419133017731
11157,0.5007965996012453
11158,0.5213826998345696
11159,0.9531503110293182
11162,0.967046723617237
11167,0.8939459606244848
11174,0.5388153952659118
11181,0.25466437235299544
11185,0.5499363282880421
11191,0.521615755211102
11206,0.30944354364463583
11248,0.6042462355376425
11262,0.23338406906607256
11265,0.2752267124940976
11278,0.5752120502106944
11283,0.9304320992555426
11295,0.13127199094865832
11352,0.10731956077677668
11361,0.07478706956545678
11363,0.10508555251344243
11376,0.8296269769824758
11378,0.7289207319422735
11383,0.5355990353641162
11390,0.1395883990023165
11403,0.7606683263474938
11404,0.32791423207387854
11408,0.8722503158437298
11421,0.17574157718331707
11423,0.5904152282019516
11425,0.6040542738984369
11430,0.1121690134691049
11433,0.6108868060069981
11435,0.14037963112976942
11440,0.04711558128892912
11446,0.9454428538950502
11449,0.630843859248221
11465,0.23663719485521462
11466,0.18407389106380373
11470,0.9705040107874403
11471,0.8502758821438596
11474,0.7441842979549083
11479,0.9158467496150979
11497,0.24722619350324382
11500,0.07422924121252517
11503,0.7793764594988034
11504,0.9942129971251903
11505,0.5297669338301103
11509,0.6820050268700467
11512,0.42712048994299967
11520,0.3494073887774076
11527,0.80148212803078
11536,0.13516662636336924
11544,0.3135165184565198
11547,0.2927221114359486
11549,0.8348340317016008
11555,0.5250119192200218
11562,0.37956014887926254
11563,0.7827996925134764
11564,0.31647442162594736
11572,0.07482966374420413
11574,0.2937286951937263
11578,0.5115770047410495
11585,0.7897233285435182
11590,0.48382697756566334
11596,0.16708061326972945
11598,0.3741990396254586
11603,0.1632375948720058
11604,0.6941278287815998
11608,0.8225247407631469
11619,0.5210839035779649
11624,0.19648402071746707
11626,0.8724911524816727
11640,0.719814348792704
11642,0.799093923610289
11649,0.669770120679322
11658,0.011112763680992954
11662,0.12366746075357865
11668,0.23554120227343484
11675,0.5060020326237967
11677,0.25112145277704645
11694,0.7790366245509759
11695,0.7530326213499056
11699,0.9399883422376346
11701,0.7232407959980374
11711,0.7602762325282352
11737,0.44270483067739486
11740,0.8897290752338421
11747,0.3657261424759322
11749,0.4172401440266184
11756,0.21846609384864984
11766,0.6310881196123101
11790,0.8066305949942668
11807,0.012467984376903718
11808,0.514191858663219
11813,0.353925367230581
11814,0.517701322802236
11826,0.9843375647689878
11830,0.6490223704766105
11831,0.9076433092750223
11832,0.5677100381134754
11840,0.10185018404031132
11842,0.5807423761395347
11847,0.7422497943456063
11853,0.07792862213314611
11863,0.545619824165561
11866,0.7894948141619812
11867,0.7851738400387677
11868,0.5385772932165183
11875,0.519099388768204
11885,0.9890861769459458
11890,0.5458824849334198
11892,0.98736174191942
11909,0.6618956716951973
11915,0.9221705822179171
11918,0.6851166352729088
11921,0.9296950497772496
11928,0.8726845926496367
11964,0.8445822474622573
11966,0.38847199239495167
11973,0.1070555827204413
11983,0.7087834168210858
11985,0.5951829019059265
11987,0.0947113100608245
11990,0.2354618504801715
12000,0.6624606860633285
12003,0.20646974729057388
12011,0.14842656050029557
12012,0.009690497172105406
12015,0.4545135166156489
12026,0.6777615811913815
12027,0.9974099923755464
12055,0.0038696088214067448
12060,0.7671974020271285
12080,0.899729596987005
12081,0.6043560210674501
12086,0.8138222930881208
12087,0.8961375160819234
12101,0.05259343314947723
12102,0.4046192803102674
12105,0.11762609339006674
12116,0.18769472922848057
12117,0.34146645516532237
12121,0.011521880504758941
12123,0.973846461257891
12146,0.21339471047190584
12153,0.8664665477785052
12164,0.7381347116193606
12171,0.882349719484343
12186,0.8966713482226227
12187,0.5000027096033988
12202,0.18001817974772139
12203,0.274270274729316
12206,0.38731588158165287
12209,0.14759280392438562
12210,0.17076484515048912
12215,0.45545051663958924
12216,0.383431436480599
12221,0.2517048833870981
12224,0.36917391311799175
12229,0.19065978300926345
12232,0.4062890967597812
12238,0.007056140353550122
12239,0.35284031627727647
12328,0.7454688981455502
12366,0.11976186766032859
12369,0.98081701474775
12372,0.1792707405979545
12383,0.055223382532276044
12387,0.0878186980142936
12400,0.8336593113232166
12409,0.7035324292999341
12418,0.2799228758051263
12421,0.5785601586286319
12423,0.7264867309450707
12429,0.1601458344649339
12432,0.6408649528694738
12433,0.41542851730325486
12435,0.23080632644133647
12445,0.32570178048080567
12446,0.3020826576638876
12447,0.02803948915683452
12449,0.42286030155170473
12452,0.8819171747659708
12458,0.12892251585772624
12459,0.18075537922764268
12463,0.9702797349291867
12467,0.13631476854276697
12470,0.13602215281613173
12474,0.18756402115002352
12487,0.3303598476211081
12488,0.1469997546172077
12501,0.17250321687430037
12506,0.9030179160402982
12514,0.4800441536605559
12524,0.24196652535057844
12525,0.3297140961269126
12526,0.14024092150809042
12528,0.5163591090410906
12544,0.35751114119576766
12545,0.43990310846620406
12552,0.033359174600097186
12553,0.3066786944589689
12554,0.474536647493379
12558,0.21530380013676242
12574,0.4773710685771506
12589,0.704693699756245
12605,0.5964062363057387
12609,0.8111991885630041
12613,0.4277605423799961
12617,0.24467387724633238
12628,0.32635477405284746
12649,0.14108833619876776
12660,0.610917152085841
12663,0.8519661159553509
12668,0.6459942555078361
12672,0.16731699178398313
12673,0.8125682837758549
12674,0.33156159978815214
12686,0.6439807091072035
12698,0.7101169731694235
12722,0.0068092100270605305
12740,0.591986171354368
12757,0.9990980883640109
12773,0.41010910635411757
12790,0.10402494049963112
12791,0.2109986625478555
12793,0.6829995480081096
12794,0.8305866343390929
12804,0.42916320338735586
12808,0.699784235039808
12818,0.7993009353879599
12836,0.7769743759740164
12893,0.031075768720960628
12897,0.45484595395491795
12900,0.025647696750294602
12902,0.18921940061665987
12915,0.370656438405855
12922,0.28352353787056295
12923,0.1509558434904209
12926,0.15702160630898893
12929,0.0030758887610954355
12936,0.6494563230954311
12941,0.7887727303491873
12951,0.27253678610351173
12953,0.346714647484966
12968,0.694698480288194
12969,0.7276673564627654
13011,0.7586321611799333
13012,0.825900937102964
13014,0.4516794545240604
13015,0.662068591217283
13030,0.6867088631679112
13032,0.33014967583020416
13033,0.9310656332116152
13044,0.012916878560511935
13047,0.9964026232318661
13049,0.002811116108820899
13051,0.5054941483924447
13053,0.31811115392151185
13056,0.36382043764492855
13059,0.34886797339037257
13071,0.8521508622102756
13098,0.17120090654440717
13100,0.3197259367014191
13108,0.7227926511197722
13109,0.6743749587568366
13111,0.7161196877807965
13112,0.5000953351876094
13114,0.9105332178770673
13130,0.9160464811161353
13181,0.4310919009913287
13183,0.980663261538886
13197,0.5085716803803544
13231,0.06192018939420002
13248,0.5003511971997794
13261,0.891989553131737
13263,0.656515405564896
13264,0.6013862180719549
13267,0.6522549303995951
13270,0.46019186849342736
13273,0.3524483145726701
13276,0.47748061330795494
13283,0.10771670459055249
13287,0.16299877064440194
13293,0.08491758107716774
13299,0.6453398659089029
13306,0.646337368512385
13323,0.5545049774795938
13325,0.7691047905697636
13340,0.8175192681075968
13341,0.016408397181298162
13351,0.2666051245958501
13353,0.24956466946146755
13361,0.6796126064581278
13363,0.8091486143208653
13365,0.5554786858601981
13373,0.11816234035328543
13374,0.2912493926815904
13382,0.2998046033225349
13384,0.057684707254830436
13387,0.885121573571753
13389,0.3727826800754621
13390,0.8945977501761222
13395,0.06276762661267105
13396,0.7190894805882795
13398,0.24467452873583218
13400,0.16096522462426754
13404,0.2922616451143314
13409,0.1333084133800494
13414,0.6327203553001526
13421,0.043552982224975556
13429,0.41845150773974993
13432,0.9421438067122665
13433,0.11730661316327529
13434,0.38346263963038957
13440,0.7302578634130127
13442,0.037556764941899856
13446,0.13435527333995795
13452,0.9842649936007591
13459,0.4667262066532159
13461,0.020140167288909605
13463,0.1420563637412975
13471,0.08064515750558188
13493,0.4931388592192001
13500,0.4780857570704775
13510,0.42687874669955556
13525,0.9455096420180077
13528,0.11306299879467391
13530,0.18039990201017314
13543,0.7219574764338522
13546,0.6620490870027878
13562,0.9782091568045663
13576,0.8980858036352735
13601,0.5526068618838336
13602,0.6403400158457038
13607,0.16197024199803223
13608,0.3623547974041791
13609,0.8806085286965799
13623,0.20195283308651757
13628,0.8067505102341777
13646,0.6580274071017269
13648,0.09920541218061624
13649,0.20420534057313988
13665,0.4146140410003121
13667,0.8112219439738546
13670,0.3617745599630576
13671,0.0870163688023825
13672,0.22736984602867732
13674,0.08994941804056533
13680,0.4634770347396561
13686,0.24493272398851224
13687,0.27063861595050337
13697,0.948368767809275
13702,0.836694472755811
13703,0.8103655564139134
13714,0.8040878209634843
13728,0.48994061325431837
13730,0.1653387695108493
13733,0.3163593486095043
13737,0.5429768851791863
13738,0.7110714189119826
13739,0.7901741076478812
13742,0.7332936068768163
13743,0.7536582269745125
13746,0.34544241584652513
13764,0.8661700529616361
13772,0.9727995324715701
13773,0.939140128565239
13780,0.5522030760223683
13790,0.8094669841613096
13813,0.9900053079303005
13818,0.4050907814796455
13823,0.34932437828663393
13825,0.593506737946367
13830,0.06493428343715524
13835,0.20671269658285096
13837,0.2724061904658464
13841,0.1248612625008445
13842,0.8231140671274222
13843,0.27717801703288014
13845,0.6579570569965374
13846,0.690696359650653
13847,0.8623648550878992
13865,0.7715505556644523
13869,0.8234598424826378
13881,0.534401538378873
13886,0.3826625332045809
13892,0.46156804065353735
13906,0.8499618082948331
13916,0.23567976245908373
13924,0.09307244836468725
13926,0.4825767113506978
13933,0.030883562529680275
13934,0.019756040352768123
13937,0.21639320164163872
13947,0.5785203347474879
13954,0.026889722074298072
13956,0.23154049631528606
13984,0.20249830444963568
13997,0.6291741299374883
14001,0.9444908174172311
14005,0.10221926373311402
14011,0.06666934819444603
14013,0.5137151390597472
14021,0.2347357828474949
14022,0.15943048482340794
14027,0.6398650828338539
14040,0.22525354835224676
14049,0.16071290188562187
14074,0.862618783264667
14080,0.90727581198305
14088,0.970184263515325
14117,0.6915478865643696
14137,0.9426150450300173
14151,0.9392042701638095
14154,0.8785553605283243
14164,0.43977232477360023
14165,0.353659861708005
14176,0.3015533350461173
14183,0.2861557755444155
14185,0.25018649788163044
14188,0.8029211723345174
14193,0.40233157318171436
14201,0.658583073143552
14215,0.5620664244045311
14217,0.16020418357737226
14226,0.20881844396115085
14228,0.4971414940342982
14230,0.3347729454366195
14320,0.7127629058630139
14327,0.16936138371247533
14329,0.1654066940936852
14331,0.13941029290534246
14343,0.44096351605556705
14355,0.9623830135919578
14356,0.7019669773259387
14357,0.9811370020667923
14363,0.2514351816636694
14368,0.1381199028444633
14377,0.18195293468251073
14380,0.8921877565313518
14389,0.7315886812032935
14400,0.3268467427961093
14439,0.9019846461276181
14442,0.7697844910351519
14444,0.11440722709156481
14447,0.7210406343727849
14475,0.5935201851090042
14490,0.8544887797928538
14492,0.9992743519418137
14495,0.1592634747692694
14497,0.9061767819300768
14501,0.6717448433771873
14502,0.34208094382152726
14521,0.21125626306340395
14526,0.8224593034429855
14532,0.8476485470099209
14540,0.37469352730550587
14541,0.29861339783815366
14545,0.9277721847169711
14548,0.9528422192547077
14554,0.33665224219415985
14558,0.6845100981228439
14568,0.5702083116107824
14583,0.31084029947931074
14600,0.6318618862236394
14638,0.8732454438886673
14643,0.39495328277809455
14648,0.006696588731900599
14652,0.6148714033675955
14656,0.7895620541064124
14660,0.9668128154546087
14683,0.2564684508548206
14689,0.3970258766782044
14705,0.36297445933806277
14708,0.5491166006832686
14711,0.46405634389020634
14728,0.9544671152725699
14730,0.6326195816405087
14734,0.715014846651102
14740,0.9356576684087659
14744,0.7004439197851903
14763,0.8686678995286949
14766,0.5652747969565054
14767,0.4843759541432742
14770,0.9592921043377125
14792,0.7064798728858049
14805,0.6106801792815921
14806,0.3116751325877361
14815,0.9370846956495944
14823,0.4288017496847406
14824,0.9885264760867059
14829,0.9906755260733808
14856,0.5874525143283932
14857,0.6090748607959591
14864,0.7805777225982425
14868,0.6509216294371555
14873,0.7642393628408657
14878,0.09607562320665325
14886,0.20824930995660484
14909,0.10232421507951034
14913,0.1265751133047932
14918,0.9751261388121839
14919,0.6027425301118627
14921,0.73865048698043
14932,0.8148012544980803
14934,0.5807092790413051
14936,0.8142842880791666
14942,0.8938393042706053
14969,0.6003764783370134
15022,0.6525149403610082
15023,0.7212894392073657
15102,0.3994809700350178
15116,0.41733064325773594
15123,0.4785776886705098
15124,0.11166645446245227
15125,0.10637774825463153
15130,0.8092774006038672
15139,0.10164925300799044
15143,0.2495746654367888
15146,0.08788085954891156
15156,0.6106093134895164
15160,0.5301537492616493
15163,0.707758412366037
15164,0.737057220757755
15165,0.8880913809774067
15169,0.7971180374358292
15171,0.029114725343552195
15177,0.48139065610571014
15185,0.41316286258225193
15186,0.3515847556347232
15190,0.8524832681842038
15193,0.19878332658271242
15196,0.7214159428005781
15207,0.6941930443183013
15211,0.8983517971190644
15213,0.9737725044588295
15222,0.31901251512734996
15223,0.3026154996786703
15226,0.6029827997634558
15230,0.7046575289643717
15231,0.9845058388577638
15234,0.9488105384951535
15247,0.5564027551058552
15252,0.22990513242638982
15261,0.23219034826079238
15264,0.1772024307081938
15267,0.8131721104985027
15269,0.7330670975619084
15270,0.4116819752726228
15275,0.12607372738254796
15278,0.5357519878507082
15290,0.6567271889023102
15307,0.8717254104958978
15313,0.5049276858582074
15323,0.8315625609156576
15333,0.917334886123056
15336,0.6929566390270351
15337,0.5061960926951021
15339,0.8710316550140482
15342,0.8560815999310523
15343,0.8312784561558044
15346,0.5547845940111827
15351,0.322337925423406
15354,0.550713616400734
15355,0.8338886579701039
15359,0.8236679840599384
15368,0.615472765166655
15374,0.8365647403695986
15380,0.8216429568518412
15386,0.8882911202577279
15390,0.6439016560397051
15393,0.5964339484284873
15399,0.11565994904935245
15403,0.14673282036206042
15411,0.8174365367298503
15421,0.28534448636319715
15426,0.18197147958643772
15441,0.7656617253981023
15447,0.19425133819633705
15480,0.2617973479852588
15487,0.5742843555896433
15490,0.04978411533167687
15501,0.9803025299888184
15505,0.8718888722173221
15506,0.8116181453132234
15510,0.8587287521409471
15513,0.12478483815434493
15517,0.9552812211616959
15520,0.5695058618529347
15525,0.7095083857104476
15529,0.7722692372739898
15535,0.002944303545576621
15536,0.6546686573509268
15546,0.041375974046527264
15548,0.5487073133137416
15550,0.7966779260695726
15557,0.4783617933913355
15569,0.7710402108697941
15575,0.8034266217313468
15577,0.5489384784758462
15588,0.4287647528767513
15593,0.7939882133277277
15594,0.9050342793774725
15599,0.5438787982706499
15600,0.7258473484315727
15603,0.4211774666500448
15607,0.5808785524796639
15608,0.8629039095246362
15612,0.3884366436094864
15624,0.20166769992488665
15643,0.0023267120366718963
15653,0.2515867993573271
15673,0.19444333508548606
15680,0.10774268658518821
15683,0.10270157887099474
15685,0.015042177535081802
15688,0.40670102978029815
15704,0.6141746519507318
15706,0.5670262510282509
15707,0.8678602925798036
15708,0.18642419546888372
15710,0.11423163249015134
15711,0.24881150832594523
15714,0.5705741534565045
15715,0.7021495031693056
15740,0.6575564693260411
15758,0.7510706691093556
15769,0.6700105289139213
15781,0.9229979910925329
15797,0.7768245654123147
15821,0.8737983847181614
15826,0.24163515955600645
15829,0.8994357967434871
15834,0.7113030442381965
15842,0.5434244313324605
15843,0.6641407518710463
15848,0.8498891842003331
15860,0.048049333338638145
15862,0.8993838122869056
15885,0.4451320948089908
15886,0.6221933713787009
15888,0.877689530944297
15890,0.5353701630683054
15893,0.4254785776718273
15902,0.5988592082050073
15903,0.9955844738460402
15904,0.9058345013224081
15906,0.09903602127321742
15907,0.7109452846604172
15914,0.1997328865023031
15915,0.07582598130909263
15920,0.36134823535597804
15929,0.3107697517587259
15931,0.720368940614774
15939,0.20559843440384895
15946,0.18206497592516813
15947,0.250206054241987
15953,0.1411567775776092
15957,0.3220671650256183
15984,0.28416535155183353
15989,0.2700243424333903
15993,0.6354317624564789
15998,0.8617316841242556
16021,0.07576635902869805
16047,0.6171329839029189
16076,0.4661326844155497
16077,0.7279599129019421
16088,0.3042947983770091
16089,0.3799641395688464
16096,0.08100863105117428
16099,0.8427733132793167
16113,0.2977192352661089
16117,0.773617279207431
16137,0.8475264175220993
16138,0.14119690321349404
16142,0.930404719924556
16145,0.37626368733756804
16170,0.6531927354863674
16174,0.4765581079453349
16175,0.9938694032719803
16176,0.1471548887305788
16184,0.7122368406325599
16193,0.4500398032663068
16197,0.7425907427415342
16198,0.4924116514794134
16240,0.4227677042711925
16245,0.33972023548518215
16249,0.5267587509903527
16252,0.10639278135694774
16259,0.34425040124767337
16264,0.5703158412269475
16266,0.7777447984547232
16268,0.0828330353991848
16276,0.39265595594086494
16299,0.002255950329399292
16300,0.16098895643545658
16322,0.9099752447936504
16323,0.7267902946648406
16332,0.6635568197243854
16338,0.5093784777946848
16345,0.669667688957322
16348,0.4455709064683382
16357,0.26044356421504655
16360,0.9003092498484537
16367,0.26478263114610595
16368,0.010833194484389241
16369,0.2169628741825151
16380,0.6711316086937054
16383,0.4791206017099632
16404,0.26711237299405116
16413,0.2617586009659068
16418,0.5565966652829435
16419,0.12246353763952517
16424,0.1718783136799229
16425,0.38467074699141757
16440,0.2292672855847605
16443,0.05403358795745905
16446,0.10634503770262671
16455,0.8331775780679731
16467,0.6640565179643442
16482,0.016660599997712855
16484,0.6740223100326794
16491,0.3927760766218362
16495,0.7176924528834667
16508,0.5366770712992319
16514,0.3640153506553742
16515,0.664655163023485
16517,0.5588168247167482
16523,0.6767621092712712
16525,0.6983684784208686
16532,0.8801983242988417
16535,0.19271240532396472
16537,0.8651685872565543
16541,0.009026405906414181
16544,0.6690814640811693
16552,0.020671892378390788
16553,0.2942242877097234
16556,0.21755425745347795
16567,0.08509769673390044
16569,0.27196553866373147
16577,0.6622470161004759
16581,0.6028242033259698
16587,0.8573476029269358
16594,0.3718679852854678
16606,0.014477005489710704
16616,0.8168553015408362
16664,0.9140096328843563
16670,0.504231767294232
16764,0.6753484480652404
16785,0.7871418140186167
16799,0.6956800017751088
16805,0.47004260262960296
16808,0.9921391830211272
16812,0.47246424857029007
16815,0.17687065138612162
16824,0.0040357799827443475
16825,0.46704831808553127
16826,0.04426933786122467
16827,0.09056570820479054
16840,0.1572548888562299
16841,0.1373894883700163
16844,0.1461919560966205
16848,0.25873058672580357
16850,0.09057669801302748
16864,0.27163842614932093
16867,0.025311836387545528
16869,0.0036179985980523965
16873,0.3581013626173564
16877,0.8064606667444805
16880,0.12175923574984576
16881,0.4426696387623195
16882,0.29039033428009653
16903,0.9322655853908886
16912,0.9250837968014688
16915,0.4527948812403928
16918,0.7671496859326092
16921,0.6698446900632107
16924,0.035065475742813434
16925,0.39333549636010345
16931,0.6146582231764435
16934,0.30017856317888175
16937,0.18918733401270682
16946,0.9789633367116672
16960,0.6606536405985182
16967,0.3985505826571112
16974,0.5165536870255011
16977,0.7058368269810587
16979,0.5168389013499348
16980,0.6681444310273186
16981,0.9513757748035938
16990,0.042207577056658896
16991,0.8793593726645672
16992,0.05189105105461628
17004,0.22578481918454646
17018,0.5003452776105037
17023,0.5803075362866184
17024,0.9659357753367588
17031,0.6244928670469163
17039,0.889453411223279
17049,0.5574037230582684
17057,0.7015659922792857
17066,0.971400238419456
17086,0.05396030325404999
17163,0.6888655408947113
17164,0.6810759160458117
17169,0.009970553782051639
17173,0.8689118348271592
17221,0.7232301012161524
17235,0.9632690187525992
17268,0.12702030425677535
17280,0.3683796795870737
17283,0.07299792493794893
17302,0.23126924642505836
17320,0.8204309897616949
17352,0.025782225398529146
17353,0.23039046450051048
17373,0.6391417100409684
17385,0.3315115180033651
17413,0.13557799665496617
17414,0.11902739011213187
17419,0.9711957558347253
17422,0.8548963830622993
17424,0.3234011905571927
17426,0.033148202677002414
17465,0.5952152416506336
17467,0.902118501593918
17488,0.04524433083112228
17529,0.7441144952727994
17542,0.7049761766715297
17547,0.6480192106159137
17589,0.8855945545349433
17591,0.17366516375011276
17600,0.40130189656607185
17602,0.22114929849349257
17605,0.10592339015941843
17606,0.17373402737884414
17610,0.10352888575399205
17631,0.4278409297487238
17635,0.699466535890821
17638,0.16026806943276434
17651,0.5389356751987857
17652,0.8743753202956479
17653,0.5427785334638533
17659,0.9946527083359324
17670,0.5923840468452434
17671,0.6605387744326947
17676,0.8845881579803223
17713,0.7753480556190628
17716,0.2440013930706013
17723,0.40647952967473266
17728,0.7268119074616235
17731,0.20310964070390947
17733,0.22538070756917034
17734,0.8325236274382553
17735,0.7558821586472175
17737,0.7311859177158653
17746,0.7456771587179143
17748,0.4352642516258931
17753,0.9898237353996233
17762,0.31859232093000023
17768,0.8871040065520286
17774,0.744554169669395
17776,0.6486206037852124
17778,0.8367001654871351
17783,0.610693281082511
17786,0.22667606635707788
17787,0.19143183391697888
17799,0.6959639563910363
17802,0.24532271222588659
17805,0.7473549385050788
17807,0.4277414220610658
17816,0.051227376910663924
17819,0.09627313779906493
17844,0.3501148594454817
17869,0.33097574065502966
17871,0.3374686368745005
17875,0.05667414682003913
17878,0.20673613402405705
17888,0.41516445391918155
17889,0.26017541983829146
17904,0.2619651080292183
17911,0.1650984212220471
17917,0.6665793186214817
17934,0.06830897559756394
17936,0.2417589346604705
17949,0.6720429872752924
17951,0.4618137063314449
17952,0.6427820183861168
17957,0.8983918141019573
17958,0.5742068382054679
17959,0.3661950410776734
17962,0.536193915857726
17965,0.11241905954088816
17970,0.3794536324026881
17976,0.9096660757987527
17980,0.20629714376376068
17986,0.577547877618587
17989,0.33760049793768393
17994,0.4413679399163073
18009,0.4234167838904962
18018,0.11192450909968582
18027,0.09615936283595955
18033,0.9136525422189998
18034,0.36581394559610714
18035,0.8041155333712909
18036,0.43239572568441026
18045,0.22915024502001824
18049,0.4761020668494967
18062,0.9269134515194134
18065,0.838722495520364
18068,0.13246356833189799
18074,0.02460066539472655
18079,0.8220490657198802
18082,0.8140933859234445
18095,0.5383516002446662
18116,0.2241219065120203
18131,0.38993919272097743
18145,0.7628621455213187
18158,0.6181475448222679
18159,0.056701857128727884
18161,0.8504617596220814
18170,0.2713858979286286
18194,0.37701700885271494
18204,0.4123902112662258
18206,0.10645952606016712
18225,0.41960862083129874
18226,0.6189309173007049
18234,0.09866816320757327
18238,0.6891502032310761
18241,0.7862584533613028
18248,0.28884843994694187
18254,0.4189356676237585
18268,0.9870706955610914
18275,0.38895906531561203
18276,0.23203176059939812
18278,0.07485950104224126
18283,0.33021905063552875
18286,0.8043911143018856
18288,0.5718352696442031
18293,0.26967953470827294
18300,0.20272759621935948
18305,0.8669788401287735
18306,0.8146214995451164
18317,0.9768514202011602
18330,0.036445735413344615
18336,0.8114298624982519
18341,0.8187803709357897
18351,0.9626040122033186
18357,0.03650369492780625
18361,0.7373122956937939
18374,0.46615762751001866
18375,0.37020683758356465
18377,0.4675606076631064
18378,0.11262470927050822
18380,0.43352301836236046
18381,0.7290872706900475
18393,0.7519637507569066
18396,0.9068307453011706
18400,0.10631991659442014
18406,0.39473307317722334
18411,0.8520469670186558
18412,0.12063015887334128
18416,0.8633163423292463
18418,0.7246360997438289
18425,0.5451325669149176
18452,0.659528845972949
18465,0.7761017047593641
18475,0.9184102293730312
18541,0.20643587519714218
18546,0.6567956342388128
18547,0.8979553122360537
18572,0.17724570996295025
18575,0.5434043455766948
18587,0.8325569091238394
18591,0.5382165133474135
18600,0.6620568595681209
18601,0.002851553016888997
18652,0.9664041054902346
18654,0.29915737778787727
18665,0.4169630900527096
18702,0.36554324233398966
18718,0.23162718288179573
18727,0.2742635107137399
18777,0.4313964819894635
18778,0.5805618443112259
18788,0.15463839594209106
18791,0.4228148087336996
18799,0.30302848375487074
18814,0.460710064020852
18843,0.2261921795594169
18847,0.25274475784489975
18848,0.7561949306823506
18852,0.44774558408065224
18859,0.3947645280480042
18862,0.12912509344568018
18876,0.5959215239417488
18908,0.13911393036572706
18914,0.4980450592572211
18915,0.20140282373140417
18918,0.035433016176458
18928,0.49761517518402393
18931,0.4976934885853912
18934,0.19301301641508045
18936,0.008567193057599787
18946,0.7028897961833409
18949,0.04502884382557726
18950,0.15189763540477697
18955,0.4001005946158748
18960,0.4491155209698598
18966,0.5007450787329153
18967,0.6664355406903495
18978,0.05473895729974382
18980,0.9575225885941077
19010,0.14945765479995127
19011,0.16072435437620702
19016,0.46075375373195837
19020,0.9008946712208503
19027,0.9056805091251803
19032,0.19684432347344877
19033,0.3369811762461722
19046,0.5540145202432041
19053,0.8809378505868463
19056,0.9172386787812837
19062,0.1460247239540602
19063,0.46468086155696925
19088,0.24870480741483753
19089,0.3540294238238581
19092,0.9261967651899337
19093,0.7283711670895561
19098,0.06135669200237587
19102,0.0369918825686385
19111,0.21537125687406822
19112,0.5123825835469171
19115,0.7220788356455922
19120,0.6339901772437044
19123,0.7605259817273804
19127,0.3281066269748592
19129,0.14176489936530406
19130,0.927584297173277
19132,0.7578993068476995
19147,0.882239906891022
19258,0.041875306589577
19260,0.7296132717979148
19261,0.6221896534653306
19264,0.2508074551791679
19266,0.34131617953997684
19293,0.8245865823325103
19304,0.4192514350070798
19305,0.29203836517982357
19307,0.6936146663119069
19312,0.7262292411956985
19340,0.8645541149269367
19352,0.6821620420339112
19357,0.5180963608314402
19361,0.9508154537274327
19368,0.7588607024472382
19373,0.7444187915044073
19386,0.6411913612758082
19387,0.6007556875441715
19395,0.5029936754597708
19412,0.9624768236571788
19420,0.5854606097911421
19438,0.5221805189553061
19439,0.636315544106548
19443,0.7175503323176551
19462,0.9239886084294353
19463,0.9389271692433836
19470,0.9674836290499234
19473,0.939492590745896
19475,0.2418918232471321
19478,0.8242539142981908
19498,0.01118754279137002
19500,0.6909217974184825
19505,0.840123097379857
19510,0.9799374305603317
19517,0.9196878185883226
19519,0.1910454706544369
19523,0.08440566651534226
19526,0.20494010495363324
19529,0.5793527568827186
19531,0.4855748737733177
19532,0.9277074840533079
19534,0.8902926292308084
19552,0.17794905503511416
19553,0.4969806898321252
19560,0.38380128314453293
19561,0.21593344315131452
19572,0.4507241065236922
19573,0.8252973388088711
19575,0.2978646060227703
19576,0.9798166516966467
19578,0.5879203635289418
19580,0.19066306586531423
19591,0.5242353374909448
19592,0.7956439119234204
19597,0.7098328009468576
19602,0.4304093153609768
19605,0.6251908375808815
19625,0.2544732721674309
19631,0.9359746712446589
19639,0.35720473730232066
19656,0.05470427953461976
19664,0.33979725921280113
19665,0.20985989008704725
19668,0.28973464490066153
19669,0.6157104122427708
19690,0.22013351774902784
19691,0.3569672625141087
19693,0.3670922852062722
19696,0.9909659657891637
19700,0.6356077992716982
19702,0.3321247215391024
19708,0.38888702308684125
19725,0.028340731149392007
19740,0.2878731299873916
19742,0.33499523578722146
19744,0.1676043650322343
19749,0.6803131368331385
19752,0.8720834293970909
19758,0.5783602257414664
19762,0.6350680109924179
19772,0.324194737463209
19785,0.8849758905352052
19800,0.5424304411387088
19816,0.7836692065729252
19818,0.22021676962107362
19820,0.676974000260196
19825,0.6461677988152107
19830,0.9827179788730087
19831,0.6219759124634561
19840,0.2226525236684639
19841,0.9897846727083752
19845,0.6347781650922908
19849,0.715724304632884
19855,0.10499156092995143
19861,0.47927285475994047
19864,0.6837887795398228
19866,0.21874741377995216
19869,0.3171082685364532
19872,0.7777936619165416
19873,0.5741062626627982
19876,0.009196777419555102
19878,0.9361479050467745
19886,0.17882137094220124
19889,0.9942022515573807
19893,0.17130923150759964
19894,0.1880132669908393
19900,0.6693395465965705
19914,0.7089879713014045
